-- phpMyAdmin SQL Dump
-- version 5.2.1
-- https://www.phpmyadmin.net/
--
-- Host: 127.0.0.1
-- Generation Time: Apr 08, 2024 at 08:16 AM
-- Server version: 10.4.28-MariaDB
-- PHP Version: 8.2.4

SET SQL_MODE = "NO_AUTO_VALUE_ON_ZERO";
START TRANSACTION;
SET time_zone = "+00:00";


/*!40101 SET @OLD_CHARACTER_SET_CLIENT=@@CHARACTER_SET_CLIENT */;
/*!40101 SET @OLD_CHARACTER_SET_RESULTS=@@CHARACTER_SET_RESULTS */;
/*!40101 SET @OLD_COLLATION_CONNECTION=@@COLLATION_CONNECTION */;
/*!40101 SET NAMES utf8mb4 */;

--
-- Database: `rating`
--

-- --------------------------------------------------------

--
-- Table structure for table `item`
--

CREATE TABLE `item` (
  `id` int(11) NOT NULL,
  `name` varchar(256) NOT NULL,
  `description` text NOT NULL,
  `price` int(255) NOT NULL,
  `image` varchar(255) NOT NULL,
  `created` timestamp NOT NULL DEFAULT current_timestamp(),
  `modified` timestamp NOT NULL DEFAULT current_timestamp()
) ENGINE=MyISAM DEFAULT CHARSET=utf8 COLLATE=utf8_general_ci;

--
-- Dumping data for table `item`
--

INSERT INTO `item` (`id`, `name`, `description`, `price`, `image`, `created`, `modified`) VALUES
(12345678, 'iPhone 6s (Space Grey)', '<ul style=\"margin:0px;padding:15px;\">\r\n				<li>32 GB ROM |</li>\r\n				<li>11.94 cm (4.7 inch) Retina HD Display</li>\r\n				<li>12MP Rear Camera | 5MP Front Camera</li>\r\n				<li>Apple A9 64-bit processor and Embedded M9 Motion Co-processor</li>\r\n				<li>Brand Warranty of 1 Year</li>\r\n			</ul>	', 34000, 'apple-iphone-6s.jpeg', '0000-00-00 00:00:00', '2019-01-19 08:43:04'),
(12345679, 'iPhone 6s (Silver)', '<ul style=\"margin:0px;padding:15px;\">\r\n				<li>32 GB ROM |</li>\r\n				<li>11.94 cm (4.7 inch) Retina HD Display</li>\r\n				<li>12MP Rear Camera | 5MP Front Camera</li>\r\n				<li>Apple A9 64-bit processor and Embedded M9 Motion Co-processor</li>\r\n				<li>Brand Warranty of 1 Year</li>\r\n			</ul>	', 30000, 'apple-iphone-6.jpeg', '0000-00-00 00:00:00', '2019-01-19 08:43:04');

-- --------------------------------------------------------

--
-- Table structure for table `item_rating`
--

CREATE TABLE `item_rating` (
  `ratingId` int(11) NOT NULL,
  `itemId` int(11) NOT NULL,
  `userId` int(11) NOT NULL,
  `ratingNumber` int(11) NOT NULL,
  `title` varchar(255) NOT NULL,
  `comments` text NOT NULL,
  `created` datetime NOT NULL,
  `modified` datetime NOT NULL,
  `status` tinyint(1) NOT NULL DEFAULT 1 COMMENT '1 = Block, 0 = Unblock'
) ENGINE=InnoDB DEFAULT CHARSET=utf8 COLLATE=utf8_unicode_ci;

--
-- Dumping data for table `item_rating`
--

INSERT INTO `item_rating` (`ratingId`, `itemId`, `userId`, `ratingNumber`, `title`, `comments`, `created`, `modified`, `status`) VALUES
(14, 12345678, 1, 2, 'its awesome', 'It\'s awesome!!!', '2018-08-19 09:13:01', '2018-08-19 09:13:01', 1),
(15, 12345678, 2, 5, 'Nice product', 'Really quality product!', '2018-08-19 09:13:37', '2018-08-19 09:13:37', 1),
(16, 12345678, 3, 1, 'best buy', 'its\'s best but item.', '2018-08-19 09:14:19', '2018-08-19 09:14:19', 1),
(17, 12345678, 4, 1, 'super awesome ', 'i think its supper products', '2018-08-19 09:18:00', '2018-08-19 09:18:00', 1),
(22, 12345679, 5, 1, 'adada', 'daDad', '2019-01-20 17:00:58', '2019-01-20 17:00:58', 1),
(23, 12345678, 5, 5, 'Nice product', 'this is nice!', '2019-01-20 17:01:37', '2019-01-20 17:01:37', 1),
(24, 12345679, 3, 1, 'really nice', 'Good!', '2019-01-20 21:06:48', '2019-01-20 21:06:48', 1),
(25, 12345678, 1, 5, 'Iphone', 'DGP', '2024-03-12 12:26:11', '2024-03-12 12:26:11', 1);

-- --------------------------------------------------------

--
-- Table structure for table `item_users`
--

CREATE TABLE `item_users` (
  `userid` int(11) NOT NULL,
  `username` varchar(255) NOT NULL,
  `password` varchar(255) NOT NULL,
  `avatar` varchar(255) NOT NULL
) ENGINE=InnoDB DEFAULT CHARSET=latin1 COLLATE=latin1_swedish_ci;

--
-- Dumping data for table `item_users`
--

INSERT INTO `item_users` (`userid`, `username`, `password`, `avatar`) VALUES
(1, 'rose', '123', 'user1.jpg'),
(2, 'smith', '123', 'user2.jpg'),
(3, 'adam', '123', 'user3.jpg'),
(4, 'merry', '123', 'user4.jpg'),
(5, 'katrina', '123', 'user5.jpg'),
(6, 'rhodes', '123', 'user6.jpg');

--
-- Indexes for dumped tables
--

--
-- Indexes for table `item`
--
ALTER TABLE `item`
  ADD PRIMARY KEY (`id`);

--
-- Indexes for table `item_rating`
--
ALTER TABLE `item_rating`
  ADD PRIMARY KEY (`ratingId`);

--
-- Indexes for table `item_users`
--
ALTER TABLE `item_users`
  ADD PRIMARY KEY (`userid`);

--
-- AUTO_INCREMENT for dumped tables
--

--
-- AUTO_INCREMENT for table `item`
--
ALTER TABLE `item`
  MODIFY `id` int(11) NOT NULL AUTO_INCREMENT, AUTO_INCREMENT=12345680;

--
-- AUTO_INCREMENT for table `item_rating`
--
ALTER TABLE `item_rating`
  MODIFY `ratingId` int(11) NOT NULL AUTO_INCREMENT, AUTO_INCREMENT=26;

--
-- AUTO_INCREMENT for table `item_users`
--
ALTER TABLE `item_users`
  MODIFY `userid` int(11) NOT NULL AUTO_INCREMENT, AUTO_INCREMENT=7;
COMMIT;

/*!40101 SET CHARACTER_SET_CLIENT=@OLD_CHARACTER_SET_CLIENT */;
/*!40101 SET CHARACTER_SET_RESULTS=@OLD_CHARACTER_SET_RESULTS */;
/*!40101 SET COLLATION_CONNECTION=@OLD_COLLATION_CONNECTION */;
